<?xml version="1.0" encoding="UTF-8"?>
<project-private xmlns="http://www.netbeans.org/ns/project-private/1">
    <editor-bookmarks xmlns="http://www.netbeans.org/ns/editor-bookmarks/2" lastBookmarkId="0"/>
    <open-files xmlns="http://www.netbeans.org/ns/projectui-open-files/2">
        <group>
            <file>file:/C:/Users/jimmy%20bham/Documents/NetBeansProjects/crypto%20tool/src/crypto/tool/RSA.java</file>
            <file>file:/C:/Users/jimmy%20bham/Documents/NetBeansProjects/crypto%20tool/src/crypto/tool/toolcombo.java</file>
            <file>file:/C:/Users/jimmy%20bham/Documents/NetBeansProjects/crypto%20tool/src/crypto/tool/shift.java</file>
            <file>file:/C:/Users/jimmy%20bham/Documents/NetBeansProjects/crypto%20tool/src/crypto/tool/column.java</file>
            <file>file:/C:/Users/jimmy%20bham/Documents/NetBeansProjects/crypto%20tool/src/crypto/tool/PlayfairCipher.java</file>
            <file>file:/C:/Users/jimmy%20bham/Documents/NetBeansProjects/crypto%20tool/src/crypto/tool/MonoalphabeticCipher.java</file>
        </group>
    </open-files>
</project-private>
